Pipe_id,Pipe_node1,Pipe_node2,Pipe_diameter,Pipe_roughness,Pipe_status,Pipe_discharge
0,0,1,0.1,147683.3637,1,NA
1,0,2,0.2,4102.777965,1,NA
2,1,2,0.3,1238.160737,1,NA
3,1,3,0.4,1598.561076,1,NA
4,1,4,0.5,430.5609768,1,NA
5,2,4,0.6,137.5889198,1,NA
6,3,4,0.7,133.3735196,1,NA
